service_family,primary_category
MEDICAL_CONTACT,pharmacy
MEDICAL_CONTACT,hospital
MEDICAL_CONTACT,childrens_hospital
MEDICAL_CONTACT,emergency_room
MEDICAL_CONTACT,urgent_care_clinic
MEDICAL_CONTACT,medical_center
MEDICAL_CONTACT,community_health_center
MEDICAL_CONTACT,public_health_clinic
MEDICAL_CONTACT,ambulance_and_ems_services
MEDICAL_CONTACT,medical_transportation
MEDICAL_CONTACT,surgical_center
MEDICAL_CONTACT,dialysis_clinic
MEDICAL_CONTACT,cancer_treatment_center
MEDICAL_CONTACT,hospice
MEDICAL_CONTACT,skilled_nursing
MEDICAL_CONTACT,assisted_living_facility
MEDICAL_CONTACT,home_health_care
MEDICAL_CONTACT,medical_supply
EMERGENCY_PUBLIC_RESPONSE,fire_department
EMERGENCY_PUBLIC_RESPONSE,police_department
EMERGENCY_PUBLIC_RESPONSE,emergency_service
ESSENTIAL_SUPPLIES,grocery_store
ESSENTIAL_SUPPLIES,specialty_grocery_store
ESSENTIAL_SUPPLIES,asian_grocery_store
ESSENTIAL_SUPPLIES,indian_grocery_store
ESSENTIAL_SUPPLIES,japanese_grocery_store
ESSENTIAL_SUPPLIES,korean_grocery_store
ESSENTIAL_SUPPLIES,kosher_grocery_store
ESSENTIAL_SUPPLIES,mexican_grocery_store
ESSENTIAL_SUPPLIES,organic_grocery_store
ESSENTIAL_SUPPLIES,international_grocery_store
ESSENTIAL_SUPPLIES,supermarket
ESSENTIAL_SUPPLIES,convenience_store
ESSENTIAL_SUPPLIES,gas_station
ESSENTIAL_SUPPLIES,truck_gas_station
ESSENTIAL_SUPPLIES,hardware_store
ESSENTIAL_SUPPLIES,home_improvement_store
ESSENTIAL_SUPPLIES,water_supplier
ESSENTIAL_SUPPLIES,water_delivery
ESSENTIAL_SUPPLIES,propane_supplier
